surname,source
404: Not Found,chinese-family-name.txt
王,chinese-family-name-1k.csv
李,chinese-family-name-1k.csv
张,chinese-family-name-1k.csv
刘,chinese-family-name-1k.csv
陈,chinese-family-name-1k.csv
杨,chinese-family-name-1k.csv
黄,chinese-family-name-1k.csv
吴,chinese-family-name-1k.csv
赵,chinese-family-name-1k.csv
周,chinese-family-name-1k.csv
徐,chinese-family-name-1k.csv
孙,chinese-family-name-1k.csv
马,chinese-family-name-1k.csv
朱,chinese-family-name-1k.csv
胡,chinese-family-name-1k.csv
林,chinese-family-name-1k.csv
郭,chinese-family-name-1k.csv
何,chinese-family-name-1k.csv
高,chinese-family-name-1k.csv
罗,chinese-family-name-1k.csv
郑,chinese-family-name-1k.csv
梁,chinese-family-name-1k.csv
谢,chinese-family-name-1k.csv
宋,chinese-family-name-1k.csv
唐,chinese-family-name-1k.csv
许,chinese-family-name-1k.csv
邓,chinese-family-name-1k.csv
冯,chinese-family-name-1k.csv
韩,chinese-family-name-1k.csv
曹,chinese-family-name-1k.csv
曾,chinese-family-name-1k.csv
彭,chinese-family-name-1k.csv
肖,chinese-family-name-1k.csv
蔡,chinese-family-name-1k.csv
潘,chinese-family-name-1k.csv
田,chinese-family-name-1k.csv
董,chinese-family-name-1k.csv
袁,chinese-family-name-1k.csv
于,chinese-family-name-1k.csv
余,chinese-family-name-1k.csv
蒋,chinese-family-name-1k.csv
叶,chinese-family-name-1k.csv
杜,chinese-family-name-1k.csv
苏,chinese-family-name-1k.csv
魏,chinese-family-name-1k.csv
程,chinese-family-name-1k.csv
吕,chinese-family-name-1k.csv
丁,chinese-family-name-1k.csv
沈,chinese-family-name-1k.csv
任,chinese-family-name-1k.csv
姚,chinese-family-name-1k.csv
卢,chinese-family-name-1k.csv
钟,chinese-family-name-1k.csv
姜,chinese-family-name-1k.csv
崔,chinese-family-name-1k.csv
谭,chinese-family-name-1k.csv
廖,chinese-family-name-1k.csv
范,chinese-family-name-1k.csv
汪,chinese-family-name-1k.csv
陆,chinese-family-name-1k.csv
金,chinese-family-name-1k.csv
石,chinese-family-name-1k.csv
戴,chinese-family-name-1k.csv
贾,chinese-family-name-1k.csv
韦,chinese-family-name-1k.csv
夏,chinese-family-name-1k.csv
邱,chinese-family-name-1k.csv
方,chinese-family-name-1k.csv
侯,chinese-family-name-1k.csv
邹,chinese-family-name-1k.csv
熊,chinese-family-name-1k.csv
孟,chinese-family-name-1k.csv
秦,chinese-family-name-1k.csv
白,chinese-family-name-1k.csv
毛,chinese-family-name-1k.csv
江,chinese-family-name-1k.csv
闫,chinese-family-name-1k.csv
薛,chinese-family-name-1k.csv
尹,chinese-family-name-1k.csv
付,chinese-family-name-1k.csv
段,chinese-family-name-1k.csv
雷,chinese-family-name-1k.csv
黎,chinese-family-name-1k.csv
史,chinese-family-name-1k.csv
龙,chinese-family-name-1k.csv
钱,chinese-family-name-1k.csv
贺,chinese-family-name-1k.csv
陶,chinese-family-name-1k.csv
顾,chinese-family-name-1k.csv
龚,chinese-family-name-1k.csv
郝,chinese-family-name-1k.csv
邵,chinese-family-name-1k.csv
万,chinese-family-name-1k.csv
严,chinese-family-name-1k.csv
洪,chinese-family-name-1k.csv
赖,chinese-family-name-1k.csv
武,chinese-family-name-1k.csv
傅,chinese-family-name-1k.csv
莫,chinese-family-name-1k.csv
孔,chinese-family-name-1k.csv
汤,chinese-family-name-1k.csv
向,chinese-family-name-1k.csv
常,chinese-family-name-1k.csv
温,chinese-family-name-1k.csv
康,chinese-family-name-1k.csv
施,chinese-family-name-1k.csv
文,chinese-family-name-1k.csv
牛,chinese-family-name-1k.csv
樊,chinese-family-name-1k.csv
葛,chinese-family-name-1k.csv
邢,chinese-family-name-1k.csv
安,chinese-family-name-1k.csv
齐,chinese-family-name-1k.csv
易,chinese-family-name-1k.csv
乔,chinese-family-name-1k.csv
伍,chinese-family-name-1k.csv
庞,chinese-family-name-1k.csv
颜,chinese-family-name-1k.csv
倪,chinese-family-name-1k.csv
庄,chinese-family-name-1k.csv
聂,chinese-family-name-1k.csv
章,chinese-family-name-1k.csv
鲁,chinese-family-name-1k.csv
岳,chinese-family-name-1k.csv
翟,chinese-family-name-1k.csv
申,chinese-family-name-1k.csv
殷,chinese-family-name-1k.csv
詹,chinese-family-name-1k.csv
欧,chinese-family-name-1k.csv
耿,chinese-family-name-1k.csv
关,chinese-family-name-1k.csv
覃,chinese-family-name-1k.csv
兰,chinese-family-name-1k.csv
焦,chinese-family-name-1k.csv
俞,chinese-family-name-1k.csv
左,chinese-family-name-1k.csv
柳,chinese-family-name-1k.csv
甘,chinese-family-name-1k.csv
祝,chinese-family-name-1k.csv
包,chinese-family-name-1k.csv
代,chinese-family-name-1k.csv
宁,chinese-family-name-1k.csv
符,chinese-family-name-1k.csv
阮,chinese-family-name-1k.csv
尚,chinese-family-name-1k.csv
舒,chinese-family-name-1k.csv
纪,chinese-family-name-1k.csv
柯,chinese-family-name-1k.csv
梅,chinese-family-name-1k.csv
童,chinese-family-name-1k.csv
毕,chinese-family-name-1k.csv
凌,chinese-family-name-1k.csv
单,chinese-family-name-1k.csv
季,chinese-family-name-1k.csv
成,chinese-family-name-1k.csv
霍,chinese-family-name-1k.csv
苗,chinese-family-name-1k.csv
裴,chinese-family-name-1k.csv
涂,chinese-family-name-1k.csv
谷,chinese-family-name-1k.csv
曲,chinese-family-name-1k.csv
盛,chinese-family-name-1k.csv
冉,chinese-family-name-1k.csv
翁,chinese-family-name-1k.csv
蓝,chinese-family-name-1k.csv
骆,chinese-family-name-1k.csv
路,chinese-family-name-1k.csv
游,chinese-family-name-1k.csv
靳,chinese-family-name-1k.csv
辛,chinese-family-name-1k.csv
欧阳,chinese-family-name-1k.csv
管,chinese-family-name-1k.csv
柴,chinese-family-name-1k.csv
蒙,chinese-family-name-1k.csv
鲍,chinese-family-name-1k.csv
华,chinese-family-name-1k.csv
喻,chinese-family-name-1k.csv
祁,chinese-family-name-1k.csv
房,chinese-family-name-1k.csv
蒲,chinese-family-name-1k.csv
滕,chinese-family-name-1k.csv
萧,chinese-family-name-1k.csv
屈,chinese-family-name-1k.csv
饶,chinese-family-name-1k.csv
解,chinese-family-name-1k.csv
牟,chinese-family-name-1k.csv
艾,chinese-family-name-1k.csv
尤,chinese-family-name-1k.csv
时,chinese-family-name-1k.csv
阳,chinese-family-name-1k.csv
阎,chinese-family-name-1k.csv
穆,chinese-family-name-1k.csv
应,chinese-family-name-1k.csv
农,chinese-family-name-1k.csv
司,chinese-family-name-1k.csv
古,chinese-family-name-1k.csv
吉,chinese-family-name-1k.csv
卓,chinese-family-name-1k.csv
车,chinese-family-name-1k.csv
简,chinese-family-name-1k.csv
连,chinese-family-name-1k.csv
缪,chinese-family-name-1k.csv
项,chinese-family-name-1k.csv
麦,chinese-family-name-1k.csv
褚,chinese-family-name-1k.csv
窦,chinese-family-name-1k.csv
娄,chinese-family-name-1k.csv
戚,chinese-family-name-1k.csv
岑,chinese-family-name-1k.csv
党,chinese-family-name-1k.csv
宫,chinese-family-name-1k.csv
景,chinese-family-name-1k.csv
卜,chinese-family-name-1k.csv
费,chinese-family-name-1k.csv
冷,chinese-family-name-1k.csv
晏,chinese-family-name-1k.csv
卫,chinese-family-name-1k.csv
席,chinese-family-name-1k.csv
柏,chinese-family-name-1k.csv
米,chinese-family-name-1k.csv
隋,chinese-family-name-1k.csv
宗,chinese-family-name-1k.csv
桂,chinese-family-name-1k.csv
瞿,chinese-family-name-1k.csv
全,chinese-family-name-1k.csv
苟,chinese-family-name-1k.csv
楼,chinese-family-name-1k.csv
闵,chinese-family-name-1k.csv
佟,chinese-family-name-1k.csv
臧,chinese-family-name-1k.csv
边,chinese-family-name-1k.csv
卞,chinese-family-name-1k.csv
姬,chinese-family-name-1k.csv
邬,chinese-family-name-1k.csv
和,chinese-family-name-1k.csv
师,chinese-family-name-1k.csv
仇,chinese-family-name-1k.csv
栾,chinese-family-name-1k.csv
丘,chinese-family-name-1k.csv
刁,chinese-family-name-1k.csv
沙,chinese-family-name-1k.csv
商,chinese-family-name-1k.csv
寇,chinese-family-name-1k.csv
荣,chinese-family-name-1k.csv
巫,chinese-family-name-1k.csv
郎,chinese-family-name-1k.csv
桑,chinese-family-name-1k.csv
丛,chinese-family-name-1k.csv
甄,chinese-family-name-1k.csv
敖,chinese-family-name-1k.csv
虞,chinese-family-name-1k.csv
仲,chinese-family-name-1k.csv
池,chinese-family-name-1k.csv
巩,chinese-family-name-1k.csv
明,chinese-family-name-1k.csv
佘,chinese-family-name-1k.csv
查,chinese-family-name-1k.csv
麻,chinese-family-name-1k.csv
苑,chinese-family-name-1k.csv
迟,chinese-family-name-1k.csv
邝,chinese-family-name-1k.csv
封,chinese-family-name-1k.csv
官,chinese-family-name-1k.csv
谈,chinese-family-name-1k.csv
鞠,chinese-family-name-1k.csv
匡,chinese-family-name-1k.csv
惠,chinese-family-name-1k.csv
荆,chinese-family-name-1k.csv
乐,chinese-family-name-1k.csv
冀,chinese-family-name-1k.csv
胥,chinese-family-name-1k.csv
郁,chinese-family-name-1k.csv
南,chinese-family-name-1k.csv
班,chinese-family-name-1k.csv
储,chinese-family-name-1k.csv
芦,chinese-family-name-1k.csv
原,chinese-family-name-1k.csv
栗,chinese-family-name-1k.csv
燕,chinese-family-name-1k.csv
楚,chinese-family-name-1k.csv
鄢,chinese-family-name-1k.csv
扬,chinese-family-name-1k.csv
劳,chinese-family-name-1k.csv
谌,chinese-family-name-1k.csv
奚,chinese-family-name-1k.csv
皮,chinese-family-name-1k.csv
蔺,chinese-family-name-1k.csv
粟,chinese-family-name-1k.csv
冼,chinese-family-name-1k.csv
盘,chinese-family-name-1k.csv
满,chinese-family-name-1k.csv
闻,chinese-family-name-1k.csv
厉,chinese-family-name-1k.csv
伊,chinese-family-name-1k.csv
候,chinese-family-name-1k.csv
仝,chinese-family-name-1k.csv
区,chinese-family-name-1k.csv
郜,chinese-family-name-1k.csv
海,chinese-family-name-1k.csv
阚,chinese-family-name-1k.csv
花,chinese-family-name-1k.csv
权,chinese-family-name-1k.csv
强,chinese-family-name-1k.csv
帅,chinese-family-name-1k.csv
屠,chinese-family-name-1k.csv
朴,chinese-family-name-1k.csv
盖,chinese-family-name-1k.csv
练,chinese-family-name-1k.csv
廉,chinese-family-name-1k.csv
禹,chinese-family-name-1k.csv
井,chinese-family-name-1k.csv
巴,chinese-family-name-1k.csv
漆,chinese-family-name-1k.csv
祖,chinese-family-name-1k.csv
丰,chinese-family-name-1k.csv
支,chinese-family-name-1k.csv
卿,chinese-family-name-1k.csv
国,chinese-family-name-1k.csv
狄,chinese-family-name-1k.csv
平,chinese-family-name-1k.csv
计,chinese-family-name-1k.csv
索,chinese-family-name-1k.csv
宣,chinese-family-name-1k.csv
晋,chinese-family-name-1k.csv
相,chinese-family-name-1k.csv
占,chinese-family-name-1k.csv
初,chinese-family-name-1k.csv
门,chinese-family-name-1k.csv
云,chinese-family-name-1k.csv
容,chinese-family-name-1k.csv
敬,chinese-family-name-1k.csv
来,chinese-family-name-1k.csv
扈,chinese-family-name-1k.csv
晁,chinese-family-name-1k.csv
都,chinese-family-name-1k.csv
芮,chinese-family-name-1k.csv
普,chinese-family-name-1k.csv
阙,chinese-family-name-1k.csv
戈,chinese-family-name-1k.csv
浦,chinese-family-name-1k.csv
伏,chinese-family-name-1k.csv
薄,chinese-family-name-1k.csv
鹿,chinese-family-name-1k.csv
邸,chinese-family-name-1k.csv
雍,chinese-family-name-1k.csv
辜,chinese-family-name-1k.csv
阿,chinese-family-name-1k.csv
羊,chinese-family-name-1k.csv
母,chinese-family-name-1k.csv
亓,chinese-family-name-1k.csv
裘,chinese-family-name-1k.csv
修,chinese-family-name-1k.csv
邰,chinese-family-name-1k.csv
杭,chinese-family-name-1k.csv
赫,chinese-family-name-1k.csv
况,chinese-family-name-1k.csv
那,chinese-family-name-1k.csv
宿,chinese-family-name-1k.csv
鲜,chinese-family-name-1k.csv
逯,chinese-family-name-1k.csv
印,chinese-family-name-1k.csv
隆,chinese-family-name-1k.csv
习,chinese-family-name-1k.csv
茹,chinese-family-name-1k.csv
诸,chinese-family-name-1k.csv
战,chinese-family-name-1k.csv
慕,chinese-family-name-1k.csv
危,chinese-family-name-1k.csv
玉,chinese-family-name-1k.csv
银,chinese-family-name-1k.csv
亢,chinese-family-name-1k.csv
公,chinese-family-name-1k.csv
嵇,chinese-family-name-1k.csv
豆,chinese-family-name-1k.csv
哈,chinese-family-name-1k.csv
湛,chinese-family-name-1k.csv
宾,chinese-family-name-1k.csv
勾,chinese-family-name-1k.csv
茅,chinese-family-name-1k.csv
戎,chinese-family-name-1k.csv
利,chinese-family-name-1k.csv
於,chinese-family-name-1k.csv
呼,chinese-family-name-1k.csv
居,chinese-family-name-1k.csv
干,chinese-family-name-1k.csv
揭,chinese-family-name-1k.csv
但,chinese-family-name-1k.csv
尉,chinese-family-name-1k.csv
斯,chinese-family-name-1k.csv
元,chinese-family-name-1k.csv
束,chinese-family-name-1k.csv
檀,chinese-family-name-1k.csv
衣,chinese-family-name-1k.csv
信,chinese-family-name-1k.csv
阴,chinese-family-name-1k.csv
展,chinese-family-name-1k.csv
昝,chinese-family-name-1k.csv
智,chinese-family-name-1k.csv
幸,chinese-family-name-1k.csv
奉,chinese-family-name-1k.csv
植,chinese-family-name-1k.csv
富,chinese-family-name-1k.csv
衡,chinese-family-name-1k.csv
昌,chinese-family-name-1k.csv
巢,chinese-family-name-1k.csv
郦,chinese-family-name-1k.csv
逄,chinese-family-name-1k.csv
寿,chinese-family-name-1k.csv
由,chinese-family-name-1k.csv
竺,chinese-family-name-1k.csv
贝,chinese-family-name-1k.csv
步,chinese-family-name-1k.csv
东,chinese-family-name-1k.csv
鄂,chinese-family-name-1k.csv
弓,chinese-family-name-1k.csv
过,chinese-family-name-1k.csv
钮,chinese-family-name-1k.csv
濮,chinese-family-name-1k.csv
水,chinese-family-name-1k.csv
蔚,chinese-family-name-1k.csv
郗,chinese-family-name-1k.csv
荀,chinese-family-name-1k.csv
贲,chinese-family-name-1k.csv
别,chinese-family-name-1k.csv
邴,chinese-family-name-1k.csv
才,chinese-family-name-1k.csv
操,chinese-family-name-1k.csv
畅,chinese-family-name-1k.csv
从,chinese-family-name-1k.csv
达,chinese-family-name-1k.csv
凡,chinese-family-name-1k.csv
凤,chinese-family-name-1k.csv
扶,chinese-family-name-1k.csv
贡,chinese-family-name-1k.csv
户,chinese-family-name-1k.csv
滑,chinese-family-name-1k.csv
郏,chinese-family-name-1k.csv
矫,chinese-family-name-1k.csv
经,chinese-family-name-1k.csv
靖,chinese-family-name-1k.csv
琚,chinese-family-name-1k.csv
巨,chinese-family-name-1k.csv
蒯,chinese-family-name-1k.csv
旷,chinese-family-name-1k.csv
历,chinese-family-name-1k.csv
励,chinese-family-name-1k.csv
伦,chinese-family-name-1k.csv
雒,chinese-family-name-1k.csv
茆,chinese-family-name-1k.csv
糜,chinese-family-name-1k.csv
宓,chinese-family-name-1k.csv
木,chinese-family-name-1k.csv
綦,chinese-family-name-1k.csv
谯,chinese-family-name-1k.csv
渠,chinese-family-name-1k.csv
山,chinese-family-name-1k.csv
生,chinese-family-name-1k.csv
侍,chinese-family-name-1k.csv
眭,chinese-family-name-1k.csv
腾,chinese-family-name-1k.csv
铁,chinese-family-name-1k.csv
宛,chinese-family-name-1k.csv
隗,chinese-family-name-1k.csv
沃,chinese-family-name-1k.csv
乌,chinese-family-name-1k.csv
毋,chinese-family-name-1k.csv
咸,chinese-family-name-1k.csv
忻,chinese-family-name-1k.csv
续,chinese-family-name-1k.csv
延,chinese-family-name-1k.csv
言,chinese-family-name-1k.csv
尧,chinese-family-name-1k.csv
英,chinese-family-name-1k.csv
鱼,chinese-family-name-1k.csv
庾,chinese-family-name-1k.csv
招,chinese-family-name-1k.csv
种,chinese-family-name-1k.csv
訾,chinese-family-name-1k.csv
宝,chinese-family-name-1k.csv
保,chinese-family-name-1k.csv
暴,chinese-family-name-1k.csv
闭,chinese-family-name-1k.csv
布,chinese-family-name-1k.csv
藏,chinese-family-name-1k.csv
承,chinese-family-name-1k.csv
福,chinese-family-name-1k.csv
果,chinese-family-name-1k.csv
黑,chinese-family-name-1k.csv
怀,chinese-family-name-1k.csv
宦,chinese-family-name-1k.csv
回,chinese-family-name-1k.csv
汲,chinese-family-name-1k.csv
籍,chinese-family-name-1k.csv
蹇,chinese-family-name-1k.csv
将,chinese-family-name-1k.csv
可,chinese-family-name-1k.csv
里,chinese-family-name-1k.csv
粱,chinese-family-name-1k.csv
冒,chinese-family-name-1k.csv
么,chinese-family-name-1k.csv
年,chinese-family-name-1k.csv
泮,chinese-family-name-1k.csv
郄,chinese-family-name-1k.csv
青,chinese-family-name-1k.csv
秋,chinese-family-name-1k.csv
释,chinese-family-name-1k.csv
双,chinese-family-name-1k.csv
税,chinese-family-name-1k.csv
潭,chinese-family-name-1k.csv
天,chinese-family-name-1k.csv
望,chinese-family-name-1k.csv
位,chinese-family-name-1k.csv
仵,chinese-family-name-1k.csv
香,chinese-family-name-1k.csv
刑,chinese-family-name-1k.csv
轩,chinese-family-name-1k.csv
玄,chinese-family-name-1k.csv
郇,chinese-family-name-1k.csv
要,chinese-family-name-1k.csv
宇,chinese-family-name-1k.csv
员,chinese-family-name-1k.csv
哀,chinese-family-name-1k.csv
爱,chinese-family-name-1k.csv
昂,chinese-family-name-1k.csv
熬,chinese-family-name-1k.csv
傲,chinese-family-name-1k.csv
奥,chinese-family-name-1k.csv
把,chinese-family-name-1k.csv
百,chinese-family-name-1k.csv
百里,chinese-family-name-1k.csv
摆,chinese-family-name-1k.csv
拜,chinese-family-name-1k.csv
邦,chinese-family-name-1k.csv
北,chinese-family-name-1k.csv
本,chinese-family-name-1k.csv
碧,chinese-family-name-1k.csv
薜,chinese-family-name-1k.csv
伯,chinese-family-name-1k.csv
博,chinese-family-name-1k.csv
补,chinese-family-name-1k.csv
部,chinese-family-name-1k.csv
采,chinese-family-name-1k.csv
彩,chinese-family-name-1k.csv
菜,chinese-family-name-1k.csv
仓,chinese-family-name-1k.csv
苍,chinese-family-name-1k.csv
曽,chinese-family-name-1k.csv
茶,chinese-family-name-1k.csv
产,chinese-family-name-1k.csv
苌,chinese-family-name-1k.csv
倡,chinese-family-name-1k.csv
唱,chinese-family-name-1k.csv
钞,chinese-family-name-1k.csv
超,chinese-family-name-1k.csv
朝,chinese-family-name-1k.csv
潮,chinese-family-name-1k.csv
沉,chinese-family-name-1k.csv
晨,chinese-family-name-1k.csv
呈,chinese-family-name-1k.csv
赤,chinese-family-name-1k.csv
敕,chinese-family-name-1k.csv
崇,chinese-family-name-1k.csv
瘳,chinese-family-name-1k.csv
丑,chinese-family-name-1k.csv
除,chinese-family-name-1k.csv
楮,chinese-family-name-1k.csv
揣,chinese-family-name-1k.csv
传,chinese-family-name-1k.csv
春,chinese-family-name-1k.csv
淳,chinese-family-name-1k.csv
淳于,chinese-family-name-1k.csv
啜,chinese-family-name-1k.csv
慈,chinese-family-name-1k.csv
次,chinese-family-name-1k.csv
爨,chinese-family-name-1k.csv
催,chinese-family-name-1k.csv
翠,chinese-family-name-1k.csv
寸,chinese-family-name-1k.csv
笪,chinese-family-name-1k.csv
答,chinese-family-name-1k.csv
丹,chinese-family-name-1k.csv
旦,chinese-family-name-1k.csv
淡,chinese-family-name-1k.csv
澹台,chinese-family-name-1k.csv
刀,chinese-family-name-1k.csv
道,chinese-family-name-1k.csv
德,chinese-family-name-1k.csv
迪,chinese-family-name-1k.csv
底,chinese-family-name-1k.csv
第,chinese-family-name-1k.csv
第五,chinese-family-name-1k.csv
佃,chinese-family-name-1k.csv
定,chinese-family-name-1k.csv
东方,chinese-family-name-1k.csv
冬,chinese-family-name-1k.csv
懂,chinese-family-name-1k.csv
钭,chinese-family-name-1k.csv
独孤,chinese-family-name-1k.csv
堵,chinese-family-name-1k.csv
端,chinese-family-name-1k.csv
端木,chinese-family-name-1k.csv
段干,chinese-family-name-1k.csv
敦,chinese-family-name-1k.csv
顿,chinese-family-name-1k.csv
多,chinese-family-name-1k.csv
朵,chinese-family-name-1k.csv
恩,chinese-family-name-1k.csv
尔,chinese-family-name-1k.csv
佴,chinese-family-name-1k.csv
法,chinese-family-name-1k.csv
番,chinese-family-name-1k.csv
藩,chinese-family-name-1k.csv
芳,chinese-family-name-1k.csv
飞,chinese-family-name-1k.csv
斐,chinese-family-name-1k.csv
风,chinese-family-name-1k.csv
酆,chinese-family-name-1k.csv
逢,chinese-family-name-1k.csv
俸,chinese-family-name-1k.csv
苻,chinese-family-name-1k.csv
洑,chinese-family-name-1k.csv
浮,chinese-family-name-1k.csv
甫,chinese-family-name-1k.csv
府,chinese-family-name-1k.csv
复,chinese-family-name-1k.csv
淦,chinese-family-name-1k.csv
刚,chinese-family-name-1k.csv
皋,chinese-family-name-1k.csv
杲,chinese-family-name-1k.csv
格,chinese-family-name-1k.csv
庚,chinese-family-name-1k.csv
公孙,chinese-family-name-1k.csv
公西,chinese-family-name-1k.csv
公羊,chinese-family-name-1k.csv
公冶,chinese-family-name-1k.csv
恭,chinese-family-name-1k.csv
拱,chinese-family-name-1k.csv
供,chinese-family-name-1k.csv
缑,chinese-family-name-1k.csv
菇,chinese-family-name-1k.csv
贯,chinese-family-name-1k.csv
冠,chinese-family-name-1k.csv
光,chinese-family-name-1k.csv
广,chinese-family-name-1k.csv
归,chinese-family-name-1k.csv
贵,chinese-family-name-1k.csv
呙,chinese-family-name-1k.csv
虢,chinese-family-name-1k.csv
还,chinese-family-name-1k.csv
寒,chinese-family-name-1k.csv
汉,chinese-family-name-1k.csv
行,chinese-family-name-1k.csv
蒿,chinese-family-name-1k.csv
好,chinese-family-name-1k.csv
昊,chinese-family-name-1k.csv
浩,chinese-family-name-1k.csv
禾,chinese-family-name-1k.csv
合,chinese-family-name-1k.csv
河,chinese-family-name-1k.csv
荷,chinese-family-name-1k.csv
赫连,chinese-family-name-1k.csv
恒,chinese-family-name-1k.csv
弘,chinese-family-name-1k.csv
红,chinese-family-name-1k.csv
宏,chinese-family-name-1k.csv
鸿,chinese-family-name-1k.csv
后,chinese-family-name-1k.csv
厚,chinese-family-name-1k.csv
呼延,chinese-family-name-1k.csv
忽,chinese-family-name-1k.csv
湖,chinese-family-name-1k.csv
虎,chinese-family-name-1k.csv
化,chinese-family-name-1k.csv
淮,chinese-family-name-1k.csv
槐,chinese-family-name-1k.csv
环,chinese-family-name-1k.csv
桓,chinese-family-name-1k.csv
皇,chinese-family-name-1k.csv
皇甫,chinese-family-name-1k.csv
辉,chinese-family-name-1k.csv
会,chinese-family-name-1k.csv
火,chinese-family-name-1k.csv
伙,chinese-family-name-1k.csv
基,chinese-family-name-1k.csv
稽,chinese-family-name-1k.csv
及,chinese-family-name-1k.csv
戢,chinese-family-name-1k.csv
记,chinese-family-name-1k.csv
继,chinese-family-name-1k.csv
暨,chinese-family-name-1k.csv
加,chinese-family-name-1k.csv
佳,chinese-family-name-1k.csv
家,chinese-family-name-1k.csv
嘉,chinese-family-name-1k.csv
荚,chinese-family-name-1k.csv
甲,chinese-family-name-1k.csv
菅,chinese-family-name-1k.csv
翦,chinese-family-name-1k.csv
见,chinese-family-name-1k.csv
建,chinese-family-name-1k.csv
剑,chinese-family-name-1k.csv
降,chinese-family-name-1k.csv
娇,chinese-family-name-1k.csv
徼,chinese-family-name-1k.csv
缴,chinese-family-name-1k.csv
教,chinese-family-name-1k.csv
接,chinese-family-name-1k.csv
节,chinese-family-name-1k.csv
杰,chinese-family-name-1k.csv
颉,chinese-family-name-1k.csv
介,chinese-family-name-1k.csv
京,chinese-family-name-1k.csv
静,chinese-family-name-1k.csv
酒,chinese-family-name-1k.csv
咎,chinese-family-name-1k.csv
菊,chinese-family-name-1k.csv
句,chinese-family-name-1k.csv
具,chinese-family-name-1k.csv
俱,chinese-family-name-1k.csv
剧,chinese-family-name-1k.csv
矍,chinese-family-name-1k.csv
军,chinese-family-name-1k.csv
君,chinese-family-name-1k.csv
俊,chinese-family-name-1k.csv
卡,chinese-family-name-1k.csv
开,chinese-family-name-1k.csv
凯,chinese-family-name-1k.csv
勘,chinese-family-name-1k.csv
堪,chinese-family-name-1k.csv
考,chinese-family-name-1k.csv
科,chinese-family-name-1k.csv
克,chinese-family-name-1k.csv
空,chinese-family-name-1k.csv
库,chinese-family-name-1k.csv
郐,chinese-family-name-1k.csv
奎,chinese-family-name-1k.csv
蒉,chinese-family-name-1k.csv
阔,chinese-family-name-1k.csv
喇,chinese-family-name-1k.csv
稂,chinese-family-name-1k.csv
朗,chinese-family-name-1k.csv
乐正,chinese-family-name-1k.csv
勒,chinese-family-name-1k.csv
蕾,chinese-family-name-1k.csv
类,chinese-family-name-1k.csv
冷狐,chinese-family-name-1k.csv
梨,chinese-family-name-1k.csv
礼,chinese-family-name-1k.csv
理,chinese-family-name-1k.csv
力,chinese-family-name-1k.csv
立,chinese-family-name-1k.csv
丽,chinese-family-name-1k.csv
莲,chinese-family-name-1k.csv
良,chinese-family-name-1k.csv
疗,chinese-family-name-1k.csv
寥,chinese-family-name-1k.csv
列,chinese-family-name-1k.csv
吝,chinese-family-name-1k.csv
泠,chinese-family-name-1k.csv
零,chinese-family-name-1k.csv
另,chinese-family-name-1k.csv
令,chinese-family-name-1k.csv
令狐,chinese-family-name-1k.csv
刘付,chinese-family-name-1k.csv
刘傅,chinese-family-name-1k.csv
留,chinese-family-name-1k.csv
庐,chinese-family-name-1k.csv
炉,chinese-family-name-1k.csv
禄,chinese-family-name-1k.csv
洛,chinese-family-name-1k.csv
闾,chinese-family-name-1k.csv
闾丘,chinese-family-name-1k.csv
侣,chinese-family-name-1k.csv
律,chinese-family-name-1k.csv
绿,chinese-family-name-1k.csv
买,chinese-family-name-1k.csv
曼,chinese-family-name-1k.csv
卯,chinese-family-name-1k.csv
枚,chinese-family-name-1k.csv
美,chinese-family-name-1k.csv
梦,chinese-family-name-1k.csv
弥,chinese-family-name-1k.csv
弭,chinese-family-name-1k.csv
秘,chinese-family-name-1k.csv
密,chinese-family-name-1k.csv
妙,chinese-family-name-1k.csv
闽,chinese-family-name-1k.csv
敏,chinese-family-name-1k.csv
名,chinese-family-name-1k.csv
谬,chinese-family-name-1k.csv
磨,chinese-family-name-1k.csv
墨,chinese-family-name-1k.csv
默,chinese-family-name-1k.csv
沐,chinese-family-name-1k.csv
牧,chinese-family-name-1k.csv
睦,chinese-family-name-1k.csv
慕容,chinese-family-name-1k.csv
纳,chinese-family-name-1k.csv
纳兰,chinese-family-name-1k.csv
娜,chinese-family-name-1k.csv
乃,chinese-family-name-1k.csv
南宫,chinese-family-name-1k.csv
南门,chinese-family-name-1k.csv
铙,chinese-family-name-1k.csv
能,chinese-family-name-1k.csv
尼,chinese-family-name-1k.csv
念,chinese-family-name-1k.csv
乜,chinese-family-name-1k.csv
甯,chinese-family-name-1k.csv
殴阳,chinese-family-name-1k.csv
鸥,chinese-family-name-1k.csv
偶,chinese-family-name-1k.csv
攀,chinese-family-name-1k.csv
朋,chinese-family-name-1k.csv
蓬,chinese-family-name-1k.csv
澎,chinese-family-name-1k.csv
骈,chinese-family-name-1k.csv
濮阳,chinese-family-name-1k.csv
溥,chinese-family-name-1k.csv
柒,chinese-family-name-1k.csv
亓官,chinese-family-name-1k.csv
其,chinese-family-name-1k.csv
奇,chinese-family-name-1k.csv
祈,chinese-family-name-1k.csv
耆,chinese-family-name-1k.csv
千,chinese-family-name-1k.csv
乾,chinese-family-name-1k.csv
潜,chinese-family-name-1k.csv
羌,chinese-family-name-1k.csv
钦,chinese-family-name-1k.csv
琴,chinese-family-name-1k.csv
勤,chinese-family-name-1k.csv
清,chinese-family-name-1k.csv
庆,chinese-family-name-1k.csv
求,chinese-family-name-1k.csv
璩,chinese-family-name-1k.csv
却,chinese-family-name-1k.csv
荛,chinese-family-name-1k.csv
绕,chinese-family-name-1k.csv
仁,chinese-family-name-1k.csv
日,chinese-family-name-1k.csv
融,chinese-family-name-1k.csv
如,chinese-family-name-1k.csv
汝,chinese-family-name-1k.csv
瑞,chinese-family-name-1k.csv
闰,chinese-family-name-1k.csv
润,chinese-family-name-1k.csv
若,chinese-family-name-1k.csv
撒,chinese-family-name-1k.csv
萨,chinese-family-name-1k.csv
赛,chinese-family-name-1k.csv
伞,chinese-family-name-1k.csv
森,chinese-family-name-1k.csv
厦,chinese-family-name-1k.csv
闪,chinese-family-name-1k.csv
陕,chinese-family-name-1k.csv
善,chinese-family-name-1k.csv
赏,chinese-family-name-1k.csv
上,chinese-family-name-1k.csv
上官,chinese-family-name-1k.csv
韶,chinese-family-name-1k.csv
卲,chinese-family-name-1k.csv
绍,chinese-family-name-1k.csv
厍,chinese-family-name-1k.csv
申屠,chinese-family-name-1k.csv
莘,chinese-family-name-1k.csv
神,chinese-family-name-1k.csv
甚,chinese-family-name-1k.csv
慎,chinese-family-name-1k.csv
升,chinese-family-name-1k.csv
绳,chinese-family-name-1k.csv
圣,chinese-family-name-1k.csv
诗,chinese-family-name-1k.csv
拾,chinese-family-name-1k.csv
矢,chinese-family-name-1k.csv
士,chinese-family-name-1k.csv
世,chinese-family-name-1k.csv
是,chinese-family-name-1k.csv
守,chinese-family-name-1k.csv
首,chinese-family-name-1k.csv
殳,chinese-family-name-1k.csv
书,chinese-family-name-1k.csv
疏,chinese-family-name-1k.csv
树,chinese-family-name-1k.csv
顺,chinese-family-name-1k.csv
司空,chinese-family-name-1k.csv
司寇,chinese-family-name-1k.csv
司马,chinese-family-name-1k.csv
司徒,chinese-family-name-1k.csv
思,chinese-family-name-1k.csv
松,chinese-family-name-1k.csv
送,chinese-family-name-1k.csv
素,chinese-family-name-1k.csv
睢,chinese-family-name-1k.csv
随,chinese-family-name-1k.csv
所,chinese-family-name-1k.csv
锁,chinese-family-name-1k.csv
塔,chinese-family-name-1k.csv
台,chinese-family-name-1k.csv
太,chinese-family-name-1k.csv
太史,chinese-family-name-1k.csv
太叔,chinese-family-name-1k.csv
泰,chinese-family-name-1k.csv
郯,chinese-family-name-1k.csv
塘,chinese-family-name-1k.csv
桃,chinese-family-name-1k.csv
淘,chinese-family-name-1k.csv
藤,chinese-family-name-1k.csv
提,chinese-family-name-1k.csv
遆,chinese-family-name-1k.csv
帖,chinese-family-name-1k.csv
通,chinese-family-name-1k.csv
同,chinese-family-name-1k.csv
徒,chinese-family-name-1k.csv
脱,chinese-family-name-1k.csv
陀,chinese-family-name-1k.csv
庹,chinese-family-name-1k.csv
拓,chinese-family-name-1k.csv
拓跋,chinese-family-name-1k.csv
完,chinese-family-name-1k.csv
完颜,chinese-family-name-1k.csv
万俟,chinese-family-name-1k.csv
旺,chinese-family-name-1k.csv
威,chinese-family-name-1k.csv
巍,chinese-family-name-1k.csv
伟,chinese-family-name-1k.csv
未,chinese-family-name-1k.csv
尉迟,chinese-family-name-1k.csv
闻人,chinese-family-name-1k.csv
问,chinese-family-name-1k.csv
瓮,chinese-family-name-1k.csv
巫马,chinese-family-name-1k.csv
无,chinese-family-name-1k.csv
吾,chinese-family-name-1k.csv
兀,chinese-family-name-1k.csv
西,chinese-family-name-1k.csv
西门,chinese-family-name-1k.csv
希,chinese-family-name-1k.csv
息,chinese-family-name-1k.csv
溪,chinese-family-name-1k.csv
袭,chinese-family-name-1k.csv
洗,chinese-family-name-1k.csv
喜,chinese-family-name-1k.csv
霞,chinese-family-name-1k.csv
夏侯,chinese-family-name-1k.csv
夏候,chinese-family-name-1k.csv
仙,chinese-family-name-1k.csv
先,chinese-family-name-1k.csv
鲜于,chinese-family-name-1k.csv
贤,chinese-family-name-1k.csv
线,chinese-family-name-1k.csv
湘,chinese-family-name-1k.csv
象,chinese-family-name-1k.csv
宵,chinese-family-name-1k.csv
箫,chinese-family-name-1k.csv
潇,chinese-family-name-1k.csv
晓,chinese-family-name-1k.csv
孝,chinese-family-name-1k.csv
校,chinese-family-name-1k.csv
星,chinese-family-name-1k.csv
兴,chinese-family-name-1k.csv
雄,chinese-family-name-1k.csv
吁,chinese-family-name-1k.csv
须,chinese-family-name-1k.csv
顼,chinese-family-name-1k.csv
绪,chinese-family-name-1k.csv
轩辕,chinese-family-name-1k.csv
禤,chinese-family-name-1k.csv
学,chinese-family-name-1k.csv
雪,chinese-family-name-1k.csv
寻,chinese-family-name-1k.csv
牙,chinese-family-name-1k.csv
雅,chinese-family-name-1k.csv
焉,chinese-family-name-1k.csv
岩,chinese-family-name-1k.csv
彦,chinese-family-name-1k.csv
艳,chinese-family-name-1k.csv
宴,chinese-family-name-1k.csv
洋,chinese-family-name-1k.csv
仰,chinese-family-name-1k.csv
养,chinese-family-name-1k.csv
样,chinese-family-name-1k.csv
幺,chinese-family-name-1k.csv
侥,chinese-family-name-1k.csv
药,chinese-family-name-1k.csv
冶,chinese-family-name-1k.csv
野,chinese-family-name-1k.csv
业,chinese-family-name-1k.csv
依,chinese-family-name-1k.csv
仪,chinese-family-name-1k.csv
夷,chinese-family-name-1k.csv
怡,chinese-family-name-1k.csv
宜,chinese-family-name-1k.csv
乙,chinese-family-name-1k.csv
蚁,chinese-family-name-1k.csv
弋,chinese-family-name-1k.csv
义,chinese-family-name-1k.csv
奕,chinese-family-name-1k.csv
羿,chinese-family-name-1k.csv
益,chinese-family-name-1k.csv
裔,chinese-family-name-1k.csv
翼,chinese-family-name-1k.csv
盈,chinese-family-name-1k.csv
营,chinese-family-name-1k.csv
永,chinese-family-name-1k.csv
勇,chinese-family-name-1k.csv
犹,chinese-family-name-1k.csv
油,chinese-family-name-1k.csv
友,chinese-family-name-1k.csv
有,chinese-family-name-1k.csv
迂,chinese-family-name-1k.csv
宇文,chinese-family-name-1k.csv
羽,chinese-family-name-1k.csv
遇,chinese-family-name-1k.csv
誉,chinese-family-name-1k.csv
毓,chinese-family-name-1k.csv
源,chinese-family-name-1k.csv
远,chinese-family-name-1k.csv
院,chinese-family-name-1k.csv
月,chinese-family-name-1k.csv
悦,chinese-family-name-1k.csv
越,chinese-family-name-1k.csv
允,chinese-family-name-1k.csv
运,chinese-family-name-1k.csv
恽,chinese-family-name-1k.csv
载,chinese-family-name-1k.csv
宰,chinese-family-name-1k.csv
迮,chinese-family-name-1k.csv
增,chinese-family-name-1k.csv
甑,chinese-family-name-1k.csv
粘,chinese-family-name-1k.csv
斩,chinese-family-name-1k.csv
长,chinese-family-name-1k.csv
长孙,chinese-family-name-1k.csv
仉,chinese-family-name-1k.csv
掌,chinese-family-name-1k.csv
钊,chinese-family-name-1k.csv
兆,chinese-family-name-1k.csv
肇,chinese-family-name-1k.csv
折,chinese-family-name-1k.csv
真,chinese-family-name-1k.csv
阵,chinese-family-name-1k.csv
镇,chinese-family-name-1k.csv
征,chinese-family-name-1k.csv
正,chinese-family-name-1k.csv
政,chinese-family-name-1k.csv
只,chinese-family-name-1k.csv
职,chinese-family-name-1k.csv
郅,chinese-family-name-1k.csv
治,chinese-family-name-1k.csv
中,chinese-family-name-1k.csv
忠,chinese-family-name-1k.csv
钟离,chinese-family-name-1k.csv
衷,chinese-family-name-1k.csv
仲孙,chinese-family-name-1k.csv
皱,chinese-family-name-1k.csv
邾,chinese-family-name-1k.csv
珠,chinese-family-name-1k.csv
诸葛,chinese-family-name-1k.csv
竹,chinese-family-name-1k.csv
主,chinese-family-name-1k.csv
颛孙,chinese-family-name-1k.csv
壮,chinese-family-name-1k.csv
禚,chinese-family-name-1k.csv
资,chinese-family-name-1k.csv
子,chinese-family-name-1k.csv
紫,chinese-family-name-1k.csv
自,chinese-family-name-1k.csv
字,chinese-family-name-1k.csv
宗政,chinese-family-name-1k.csv
纵,chinese-family-name-1k.csv
俎,chinese-family-name-1k.csv
左丘,chinese-family-name-1k.csv
佐,chinese-family-name-1k.csv
锺,chinese-surname-spellings.csv
麹,chinese-surname-spellings.csv
蓟,chinese-surname-spellings.csv
鬱,chinese-surname-spellings.csv
郤,chinese-surname-spellings.csv
充,chinese-surname-spellings.csv
终,chinese-surname-spellings.csv
夔,chinese-surname-spellings.csv
单于,chinese-surname-spellings.csv
锺离,chinese-surname-spellings.csv
督,chinese-surname-spellings.csv
子车,chinese-surname-spellings.csv
漆雕,chinese-surname-spellings.csv
壤驷,chinese-surname-spellings.csv
公良,chinese-surname-spellings.csv
拓拔,chinese-surname-spellings.csv
夹谷,chinese-surname-spellings.csv
宰父,chinese-surname-spellings.csv
穀梁,chinese-surname-spellings.csv
东郭,chinese-surname-spellings.csv
羊舌,chinese-surname-spellings.csv
微生,chinese-surname-spellings.csv
梁丘,chinese-surname-spellings.csv
东门,chinese-surname-spellings.csv
难,chinese-surname-spellings.csv
